Workbook

Sheet Export-Zusammenfassung
B3: Dieses Dokument wurde aus Numbers exportiert und jede Tabelle in ein Excel-Arbeitsblatt umgewandelt. Alle anderen Objekte der einzelnen Numbers-Blätter wurden auf eigene Arbeitsblätter übertragen. Beachte, dass die Formelberechnungen in Excel möglicherweise anders sind.
B7: Name des Numbers-Blatts | C7: Numbers-Tabellenname | D7: Name des Excel-Arbeitsblatts
B9: Anleitung
C10: Tabelle 1 | D10: Anleitung
B11: Stammdaten
C12: Tabelle 1 | D12: Stammdaten
B13: Bewegungen
C14: Tabelle 1 | D14: Bewegungen
B15: Übungen
C16: Tabelle 1 | D16: Übungen
B17: Lösungen
C18: Tabelle 1 | D18: Lösungen

Sheet Anleitung
A1: Übungsdatei – Stufe 5: Bedingte Aggregation
A2: SUMMEWENN(S) · ZÄHLENWENN(S) · MITTELWERTWENN(S) · Kombination mit SVERWEIS
A4: Aufbau der Datei:
A5: • Stammdaten – Artikel-/Prozessliste mit Kategorie (zum Nachschlagen)
A6: • Bewegungen – 150 Vorgänge (die eigentliche Datentabelle für die Übungen)
A7: • Übungen – 8 Aufgaben, jeweils mit leerer Antwortzelle (gelb markiert)
A8: • Lösungen – dieselben 8 Aufgaben mit fertiger Formel und Erläuterung
A10: Vorgehen:
A11: 1. Öffne das Blatt 'Übungen' und löse die Aufgaben dort in den gelben Zellen.
A12: 2. Bei Aufgabe 7 benötigst du eine Hilfsspalte – Platz dafür ist in 'Bewegungen' Spalte H vorbereitet.
A13: 3. Vergleiche dein Ergebnis erst danach mit dem Blatt 'Lösungen'.
A15: Tipp: Schreib die Formel zunächst auf Papier oder im Kopf zu Ende, bevor du tippst –
A16: das hilft, Bereich und Summe_Bereich nicht zu verwechseln.

Sheet Stammdaten
A1: ArtikelID | B1: Artikelname | C1: Kategorie
A2: A001 | B2: Wareneingang erfassen | C2: Lager
A3: A002 | B3: Einlagerung buchen | C3: Lager
A4: A003 | B4: Bestand zählen | C4: Lager
A5: A004 | B5: Kommissionierung | C5: Lager
A6: A005 | B6: Umlagerung durchführen | C6: Lager
A7: A006 | B7: Inventur abschließen | C7: Lager
A8: A007 | B8: Versandschein erstellen | C8: Versand
A9: A008 | B9: Paket verpacken | C9: Versand
A10: A009 | B10: Spediteur beauftragen | C10: Versand
A11: A010 | B11: Tracking aktualisieren | C11: Versand
A12: A011 | B12: Retoure annehmen | C12: Versand
... A31: A030 | B31: Produktionsauftrag anlegen | C31: Produktion

Sheet Bewegungen
A1: BewegungsID | B1: ArtikelID | C1: Abteilung | D1: Jahr | E1: Status | F1: Bearbeitungszeit_Min | G1: Menge | H1: Kategorie (Hilfsspalte – SVERWEIS einfügen)
A2: B0001 | B2: A021 | C2: Lager | D2: 2023 | E2: Geschlossen | F2: 47.9 | G2: 9 | H2: {=VLOOKUP(B2,'Stammdaten'!$A$2:$C$31,3,FALSE)} -> Wartung
A3: B0002 | B3: A024 | C3: Lager | D3: 2025 | E3: Geschlossen | F3: 100.4 | G3: 38 | H3: {=VLOOKUP(B3,'Stammdaten'!$A$2:$C$31,3,FALSE)} -> Wartung
A4: B0003 | B4: A014 | C4: Lager | D4: 2023 | E4: Offen | F4: 45.7 | G4: 39 | H4: {=VLOOKUP(B4,'Stammdaten'!$A$2:$C$31,3,FALSE)} -> Reinigung
A5: B0004 | B5: A001 | C5: Qualitätssicherung | D5: 2023 | E5: Geschlossen | F5: 127.7 | G5: 27 | H5: {=VLOOKUP(B5,'Stammdaten'!$A$2:$C$31,3,FALSE)} -> Lager
A6: B0005 | B6: A008 | C6: Wartung | D6: 2025 | E6: Offen | F6: 157.1 | G6: 49 | H6: {=VLOOKUP(B6,'Stammdaten'!$A$2:$C$31,3,FALSE)} -> Versand
A7: B0006 | B7: A026 | C7: Versand | D7: 2025 | E7: Geschlossen | F7: 53.6 | G7: 14 | H7: {=VLOOKUP(B7,'Stammdaten'!$A$2:$C$31,3,FALSE)} -> Produktion
A8: B0007 | B8: A025 | C8: Produktion | D8: 2023 | E8: Offen | F8: 21.9 | G8: 23 | H8: {=VLOOKUP(B8,'Stammdaten'!$A$2:$C$31,3,FALSE)} -> Produktion
A9: B0008 | B9: A020 | C9: Produktion | D9: 2023 | E9: Geschlossen | F9: 98.8 | G9: 25 | H9: {=VLOOKUP(B9,'Stammdaten'!$A$2:$C$31,3,FALSE)} -> Wartung
A10: B0009 | B10: A003 | C10: Qualitätssicherung | D10: 2024 | E10: Geschlossen | F10: 113.2 | G10: 24 | H10: {=VLOOKUP(B10,'Stammdaten'!$A$2:$C$31,3,FALSE)} -> Lager
A11: B0010 | B11: A019 | C11: Versand | D11: 2025 | E11: Offen | F11: 120.7 | G11: 50 | H11: {=VLOOKUP(B11,'Stammdaten'!$A$2:$C$31,3,FALSE)} -> Wartung
A12: B0011 | B12: A010 | C12: Lager | D12: 2023 | E12: Geschlossen | F12: 71.5 | G12: 30 | H12: {=VLOOKUP(B12,'Stammdaten'!$A$2:$C$31,3,FALSE)} -> Versand
A13: B0012 | B13: A021 | C13: Produktion | D13: 2023 | E13: Geschlossen | F13: 41.7 | G13: 18 | H13: {=VLOOKUP(B13,'Stammdaten'!$A$2:$C$31,3,FALSE)} -> Wartung
... A151: B0150 | B151: A030 | C151: Produktion | D151: 2023 | E151: Offen | F151: 34 | G151: 20 | H151: {=VLOOKUP(B151,'Stammdaten'!$A$2:$C$31,3,FALSE)} -> Produktion

Sheet Übungen
A1: Übungen – Stufe 5: Bedingte Aggregation
A3: Summe der Bearbeitungszeit (Spalte F) aller Vorgänge der Abteilung „Lager“. | B3: Funktion: SUMMEWENN | C3: {=SUMIF('Bewegungen'!$C$2:$C$151,"Lager",'Bewegungen'!$F$2:$F$151)} -> 2412.5
A5: Summe der Bearbeitungszeit für Abteilung „Lager“ UND Jahr 2025. | B5: Funktion: SUMMEWENNS | C5: {=_xlfn.SUMIFS('Bewegungen'!$F$2:$F$151,'Bewegungen'!$C$2:$C$151,"Lager",'Bewegungen'!D2:D151,"2025")} -> 831.9
A7: Anzahl aller Vorgänge mit Status „Offen“. | B7: Funktion: ZÄHLENWENN | C7: {=COUNTIF('Bewegungen'!$A$2:$H$151,"Offen")} -> 51
A9: Anzahl offener Vorgänge in der Abteilung „Versand“. | B9: Funktion: ZÄHLENWENNS | C9: {=_xlfn.COUNTIFS('Bewegungen'!$E$2:$E$151,"Offen",'Bewegungen'!$C$2:$C$151,"Versand")} -> 17
A11: Durchschnittliche Bearbeitungszeit für die Abteilung „Wartung“. | B11: Funktion: MITTELWERTWENN | C11: {=_xlfn.AVERAGEIF('Bewegungen'!$C$2:$C$151,"Wartung",'Bewegungen'!$F$2:$F$151)} -> 100.73333
A13: Durchschnittliche Bearbeitungszeit für Abteilung „Produktion“ UND Jahr 2024. | B13: Funktion: MITTELWERTWENNS | C13: {=_xlfn.COUNTIFS('Bewegungen'!$C$2:$C$151,"Produktion",'Bewegungen'!$D$2:$D$151,"2024")} -> 7
A15: Summe der Menge (Spalte G) aller Vorgänge, deren Artikel laut Stammdaten der Kategorie „Reinigung“ zugeordnet ist. Hinweis: Spalte H in 'Bewegungen' zuerst mit SVERWEIS auf die Stammdaten befüllen, dann SUMMEWENN auf Spalte H anwenden. | B15: Funktion: SVERWEIS + SUMMEWENN | C15: {=SUMIF('Bewegungen'!$H$2:$H$151,"Reinigung",'Bewegungen'!$G$2:$G$151)} -> 946
A17: Summe der Bearbeitungszeit für Abteilung „Lager“ UND Menge größer als der Durchschnitt aller Mengen (mehrstufige Bedingung ohne direkte SUMMEWENNS-Lösung). | B17: Funktion: SUMMENPRODUKT | C17: 1137.3

Sheet Lösungen
A1: Lösungen – Stufe 5: Bedingte Aggregation
A2: Nr. | B2: Beschreibung | C2: Funktion | D2: Formel | E2: Ergebnis
A3: 1 | B3: Summe der Bearbeitungszeit (Spalte F) aller Vorgänge der Abteilung „Lager“. | C3: SUMMEWENN | D3: =SUMMEWENN(Bewegungen!C2:C151;"Lager";Bewegungen!F2:F151) | E3: {=SUMIF('Bewegungen'!C2:C151,"Lager",'Bewegungen'!F2:F151)} -> 2412.5
A4: 2 | B4: Summe der Bearbeitungszeit für Abteilung „Lager“ UND Jahr 2025. | C4: SUMMEWENNS | D4: =SUMMEWENNS(Bewegungen!F2:F151;Bewegungen!C2:C151;"Lager";Bewegungen!D2:D151;2025) | E4: {=_xlfn.SUMIFS('Bewegungen'!F2:F151,'Bewegungen'!C2:C151,"Lager",'Bewegungen'!D2:D151,2025)} -> 831.9
A5: 3 | B5: Anzahl aller Vorgänge mit Status „Offen“. | C5: ZÄHLENWENN | D5: =ZÄHLENWENN(Bewegungen!E2:E151;"Offen") | E5: {=COUNTIF('Bewegungen'!E2:E151,"Offen")} -> 51
A6: 4 | B6: Anzahl offener Vorgänge in der Abteilung „Versand“. | C6: ZÄHLENWENNS | D6: =ZÄHLENWENNS(Bewegungen!C2:C151;"Versand";Bewegungen!E2:E151;"Offen") | E6: {=_xlfn.COUNTIFS('Bewegungen'!C2:C151,"Versand",'Bewegungen'!E2:E151,"Offen")} -> 17
A7: 5 | B7: Durchschnittliche Bearbeitungszeit für die Abteilung „Wartung“. | C7: MITTELWERTWENN | D7: =MITTELWERTWENN(Bewegungen!C2:C151;"Wartung";Bewegungen!F2:F151) | E7: {=_xlfn.AVERAGEIF('Bewegungen'!C2:C151,"Wartung",'Bewegungen'!F2:F151)} -> 100.73333
A8: 6 | B8: Durchschnittliche Bearbeitungszeit für Abteilung „Produktion“ UND Jahr 2024. | C8: MITTELWERTWENNS | D8: =MITTELWERTWENNS(Bewegungen!F2:F151;Bewegungen!C2:C151;"Produktion";Bewegungen!D2:D151;2024) | E8: {=_xlfn.AVERAGEIFS('Bewegungen'!F2:F151,'Bewegungen'!C2:C151,"Produktion",'Bewegungen'!D2:D151,2024)} -> 122.31429
A9: 7 | B9: Summe der Menge (Spalte G) aller Vorgänge, deren Artikel laut Stammdaten der Kategorie „Reinigung“ zugeordnet ist. Hinweis: Spalte H in 'Bewegungen' zuerst mit SVERWEIS auf die Stammdaten befüllen, dann SUMMEWENN auf Spalte H anwenden. | C9: SVERWEIS + SUMMEWENN | D9: Schritt 1 (Spalte H, Bewegungen): =SVERWEIS(B2;Stammdaten!$A$2:$C$31;3;FALSCH) Schritt 2: =SUMMEWENN(Bewegungen!H2:H151;"Reinigung";Bewegungen!G2:G151) | E9: {=SUMIF(I31:I180,"Reinigung",'Bewegungen'!G2:G151)} -> 946
A10: 8 | B10: Summe der Bearbeitungszeit für Abteilung „Lager“ UND Menge größer als der Durchschnitt aller Mengen (mehrstufige Bedingung ohne direkte SUMMEWENNS-Lösung). | C10: SUMMENPRODUKT | D10: =SUMMENPRODUKT((Bewegungen!C2:C151="Lager")*(Bewegungen!G2:G151>MITTELWERT(Bewegungen!G2:G151))*Bewegungen!F2:F151) | E10: 1137.3
H29: Hilfsbereich für Aufgabe 7 (SVERWEIS + SUMMEWENN)
H30: ArtikelID | I30: Kategorie (SVERWEIS)
H31: {='Bewegungen'!B2} -> A021 | I31: {=VLOOKUP(H31,'Stammdaten'!$A$2:$C$31,3,FALSE())} -> Wartung
H32: {='Bewegungen'!B3} -> A024 | I32: {=VLOOKUP(H32,'Stammdaten'!$A$2:$C$31,3,FALSE())} -> Wartung
H33: {='Bewegungen'!B4} -> A014 | I33: {=VLOOKUP(H33,'Stammdaten'!$A$2:$C$31,3,FALSE())} -> Reinigung
H34: {='Bewegungen'!B5} -> A001 | I34: {=VLOOKUP(H34,'Stammdaten'!$A$2:$C$31,3,FALSE())} -> Lager
H35: {='Bewegungen'!B6} -> A008 | I35: {=VLOOKUP(H35,'Stammdaten'!$A$2:$C$31,3,FALSE())} -> Versand
H36: {='Bewegungen'!B7} -> A026 | I36: {=VLOOKUP(H36,'Stammdaten'!$A$2:$C$31,3,FALSE())} -> Produktion
H37: {='Bewegungen'!B8} -> A025 | I37: {=VLOOKUP(H37,'Stammdaten'!$A$2:$C$31,3,FALSE())} -> Produktion
H38: {='Bewegungen'!B9} -> A020 | I38: {=VLOOKUP(H38,'Stammdaten'!$A$2:$C$31,3,FALSE())} -> Wartung
H39: {='Bewegungen'!B10} -> A003 | I39: {=VLOOKUP(H39,'Stammdaten'!$A$2:$C$31,3,FALSE())} -> Lager
H40: {='Bewegungen'!B11} -> A019 | I40: {=VLOOKUP(H40,'Stammdaten'!$A$2:$C$31,3,FALSE())} -> Wartung
H41: {='Bewegungen'!B12} -> A010 | I41: {=VLOOKUP(H41,'Stammdaten'!$A$2:$C$31,3,FALSE())} -> Versand
H42: {='Bewegungen'!B13} -> A021 | I42: {=VLOOKUP(H42,'Stammdaten'!$A$2:$C$31,3,FALSE())} -> Wartung
... H180: {='Bewegungen'!B151} -> A030 | I180: {=VLOOKUP(H180,'Stammdaten'!$A$2:$C$31,3,FALSE())} -> Produktion
